,SD,SD%,p,corr_Y
Y,0.03414890307407593,1.0,0.7649410627873998,1.0
C,0.03523993257038017,1.0319491813232646,0.8272773326218298,0.9784544698731772
I,0.03174117401028821,0.9294932238799922,0.7174955296426417,0.5185689693030879
w,0.0197347769247283,0.5779036849857094,0.712321569889012,-0.15584309266260624
r,1.8025913928420338,52.78621655670303,0.5165096315558614,0.14238400032150067
A,0.011090942354588301,0.3247818042802074,0.5589931918508841,0.15466648915714679
N,0.012061397548701771,0.3532001459179565,0.6432945320788732,0.5584703118655656
Y/N,0.029181766280651316,0.8545447628976579,0.7899337856857908,0.9393869569079403
