,SD,SD%,p,corr_Y
Y,0.4307056769676575,0.0421848303474496,0.9989309149702317,1.0
C,0.4660092660881618,0.04767467408373734,0.9993964346117507,0.9998558370554523
I,0.18527271607687293,0.01777276275288957,0.9918373079787292,0.9871528964333619
w,0.031923136614840544,0.0055196698030422105,0.8877683453448432,0.6427414102764561
r,3.8598348932597886,0.6431048452791484,0.8882860187963744,-0.8678662978321224
A,0.07171223060936655,-0.5314226316189106,0.9897504887863297,0.9744167377724279
N,0.03384148474528451,-0.10295613924122485,0.950706842677222,-0.8348750866470489
Y/N,0.45933695321037527,0.04358588116766207,0.9994452556729093,0.9991773713586671
