,SD,SD%,p,corr_Y
Y,11755.650863169332,0.39756127545406267,0.9982577936261716,1.0
C,8303.247246632469,0.4279031795012739,0.9986892364039677,0.9996619971417882
I,6204.935156004838,0.18126323777437398,0.9913617411426575,0.9835014419429557
w,10.407619727252566,0.03201728814382639,0.8881404174238553,0.7189419826488441
r,3.8598348932597886,0.6431048452791484,0.8882860187963744,-0.8253636291881437
A,0.06305365465885453,0.07198321702621593,0.9904278724720805,0.9906791437229837
N,0.024020336267697225,0.033349727279074724,0.950963948010976,-0.8969125248801715
Y/N,17837.426659315315,0.42895327726040716,0.9993531277844746,0.9982568696413141
